hash,minimizer,count
111,AAA,410
112,AAC,367
113,AAG,386
114,AAT,409
121,ACA,344
122,ACC,400
123,ACG,390
124,ACT,404
131,AGA,305
132,AGC,390
133,AGG,364
134,AGT,379
141,ATA,236
142,ATC,336
143,ATG,341
144,ATT,364
211,CAA,82
212,CAC,90
213,CAG,85
214,CAT,90
221,CCA,89
222,CCC,227
223,CCG,311
224,CCT,299
231,CGA,147
232,CGC,175
233,CGG,273
234,CGT,299
241,CTA,144
242,CTC,149
243,CTG,272
244,CTT,271
311,GAA,34
312,GAC,34
313,GAG,41
314,GAT,49
321,GCA,42
322,GCC,38
323,GCG,29
324,GCT,43
331,GGA,41
332,GGC,34
333,GGG,77
334,GGT,203
341,GTA,48
342,GTC,57
343,GTG,66
344,GTT,170
411,TAA,10
412,TAC,11
413,TAG,8
414,TAT,12
421,TCA,7
422,TCC,10
423,TCG,9
424,TCT,12
431,TGA,13
432,TGC,13
433,TGG,13
434,TGT,7
441,TTA,15
442,TTC,8
443,TTG,5
444,TTT,11
